Type,Name,Request Count,Failure Count,Median Response Time,Average Response Time,Min Response Time,Max Response Time,Average Content Size,Requests/s,Failures/s,50%,66%,75%,80%,90%,95%,98%,99%,99.9%,99.99%,100%
POST,POST /login,18,0,1039.9602000252344,1064.8187611077446,1039.9602000252344,1389.4891999661922,1268.3333333333333,0.9426449630483287,0.0,1000,1000,1000,1000,1100,1400,1400,1400,1400,1400,1400
POST,POST /register,20,0,29,109.38600499939639,24.074999964796007,869.347799976822,86.0,1.0473832922759208,0.0,29,32,51,54,400,870,870,870,870,870,870
,Aggregated,38,0,400.0,561.9594157875614,24.074999964796007,1389.4891999661922,646.0526315789474,1.9900282553242494,0.0,870,1000,1000,1000,1000,1100,1400,1400,1400,1400,1400
