Type,Name,Request Count,Failure Count,Median Response Time,Average Response Time,Min Response Time,Max Response Time,Average Content Size,Requests/s,Failures/s,50%,66%,75%,80%,90%,95%,98%,99%,99.9%,99.99%,100%
POST,POST /register,1,1,58.11729998094961,58.11729998094961,58.11729998094961,58.11729998094961,59.0,16.937512619430287,16.937512619430287,58,58,58,58,58,58,58,58,58,58,58
,Aggregated,1,1,58.11729998094961,58.11729998094961,58.11729998094961,58.11729998094961,59.0,16.937512619430287,16.937512619430287,58,58,58,58,58,58,58,58,58,58,58
